id,name,niche,city,phone,website,email,address,mailto_url,discovered_at
1,Tarzana Medical Urgent Care,Doctor,Los Angeles,+1 818 881 8117,https://www.tarzanauc.net/,contact@tarzanauc.net,"18055 Ventura Boulevard, Los Angeles 91316",mailto:contact@tarzanauc.net?subject=quick%20question%20regarding%20Tarzana%20Medical%20Urgent%20Care%27s%20after-hours%20inquiries&body=Hi%20there%2C%0A%0AI%20was%20reviewing%20your%20website%20%28https%3A//www.tarzanauc.net/%29%20and%20noticed%20that%20when%20a%20prospective%20client%20visits%20outside%20standard%20hours%2C%20their%20only%20option%20is%20waiting%20until%20morning.%0A%0AWe%20built%20an%20automated%2024/7%20AI%20Receptionist%20that%20answers%20common%20treatment%20%26%20pricing%20questions%20and%20locks%20appointments%20directly%20into%20your%20calendar%3A%0A%F0%9F%91%89%20Live%20Demo%3A%20https%3A//work-minh-lap.vercel.app/chatbotdemo%0A%0AWould%20you%20be%20against%20me%20sending%20over%20a%202-minute%20walkthrough%20showing%20how%20this%20works%20for%20Tarzana%20Medical%20Urgent%20Care%3F%0A%0ABest%20regards%2C%0AAI%20Solutions%20Team,2026-09-30 22:29:24
2,Steven Spielberg Pediatrics Research Center,Doctor,Los Angeles,N/A,N/A,contact@stevenspielbergpediatricsresearchcenter.example,Los Angeles,mailto:contact@stevenspielbergpediatricsresearchcenter.example?subject=quick%20question%20regarding%20Steven%20Spielberg%20Pediatrics%20Research%20Center%27s%20after-hours%20inquiries&body=Hi%20there%2C%0A%0AI%20was%20reviewing%20your%20website%20%28N/A%29%20and%20noticed%20that%20when%20a%20prospective%20client%20visits%20outside%20standard%20hours%2C%20their%20only%20option%20is%20waiting%20until%20morning.%0A%0AWe%20built%20an%20automated%2024/7%20AI%20Receptionist%20that%20answers%20common%20treatment%20%26%20pricing%20questions%20and%20locks%20appointments%20directly%20into%20your%20calendar%3A%0A%F0%9F%91%89%20Live%20Demo%3A%20https%3A//work-minh-lap.vercel.app/chatbotdemo%0A%0AWould%20you%20be%20against%20me%20sending%20over%20a%202-minute%20walkthrough%20showing%20how%20this%20works%20for%20Steven%20Spielberg%20Pediatrics%20Research%20Center%3F%0A%0ABest%20regards%2C%0AAI%20Solutions%20Team,2026-09-30 22:29:24
3,Playa Vista Medical Center,Doctor,Los Angeles,N/A,N/A,contact@playavistamedicalcenter.example,Los Angeles,mailto:contact@playavistamedicalcenter.example?subject=quick%20question%20regarding%20Playa%20Vista%20Medical%20Center%27s%20after-hours%20inquiries&body=Hi%20there%2C%0A%0AI%20was%20reviewing%20your%20website%20%28N/A%29%20and%20noticed%20that%20when%20a%20prospective%20client%20visits%20outside%20standard%20hours%2C%20their%20only%20option%20is%20waiting%20until%20morning.%0A%0AWe%20built%20an%20automated%2024/7%20AI%20Receptionist%20that%20answers%20common%20treatment%20%26%20pricing%20questions%20and%20locks%20appointments%20directly%20into%20your%20calendar%3A%0A%F0%9F%91%89%20Live%20Demo%3A%20https%3A//work-minh-lap.vercel.app/chatbotdemo%0A%0AWould%20you%20be%20against%20me%20sending%20over%20a%202-minute%20walkthrough%20showing%20how%20this%20works%20for%20Playa%20Vista%20Medical%20Center%3F%0A%0ABest%20regards%2C%0AAI%20Solutions%20Team,2026-09-30 22:29:24
4,Valley Storefront Community Resource Center,Doctor,Los Angeles,N/A,N/A,contact@valleystorefrontcommunityresourcecenter.example,Los Angeles,mailto:contact@valleystorefrontcommunityresourcecenter.example?subject=quick%20question%20regarding%20Valley%20Storefront%20Community%20Resource%20Center%27s%20after-hours%20inquiries&body=Hi%20there%2C%0A%0AI%20was%20reviewing%20your%20website%20%28N/A%29%20and%20noticed%20that%20when%20a%20prospective%20client%20visits%20outside%20standard%20hours%2C%20their%20only%20option%20is%20waiting%20until%20morning.%0A%0AWe%20built%20an%20automated%2024/7%20AI%20Receptionist%20that%20answers%20common%20treatment%20%26%20pricing%20questions%20and%20locks%20appointments%20directly%20into%20your%20calendar%3A%0A%F0%9F%91%89%20Live%20Demo%3A%20https%3A//work-minh-lap.vercel.app/chatbotdemo%0A%0AWould%20you%20be%20against%20me%20sending%20over%20a%202-minute%20walkthrough%20showing%20how%20this%20works%20for%20Valley%20Storefront%20Community%20Resource%20Center%3F%0A%0ABest%20regards%2C%0AAI%20Solutions%20Team,2026-09-30 22:29:24
5,Playa Medical Plaza,Doctor,Los Angeles,N/A,N/A,contact@playamedicalplaza.example,"5450 Lincoln Blvd, Los Angeles 90094",mailto:contact@playamedicalplaza.example?subject=quick%20question%20regarding%20Playa%20Medical%20Plaza%27s%20after-hours%20inquiries&body=Hi%20there%2C%0A%0AI%20was%20reviewing%20your%20website%20%28N/A%29%20and%20noticed%20that%20when%20a%20prospective%20client%20visits%20outside%20standard%20hours%2C%20their%20only%20option%20is%20waiting%20until%20morning.%0A%0AWe%20built%20an%20automated%2024/7%20AI%20Receptionist%20that%20answers%20common%20treatment%20%26%20pricing%20questions%20and%20locks%20appointments%20directly%20into%20your%20calendar%3A%0A%F0%9F%91%89%20Live%20Demo%3A%20https%3A//work-minh-lap.vercel.app/chatbotdemo%0A%0AWould%20you%20be%20against%20me%20sending%20over%20a%202-minute%20walkthrough%20showing%20how%20this%20works%20for%20Playa%20Medical%20Plaza%3F%0A%0ABest%20regards%2C%0AAI%20Solutions%20Team,2026-09-30 22:29:24
6,Los Angeles Doctor #6,Doctor,Los Angeles,N/A,N/A,contact@losangelesdoctor#6.example,Los Angeles,mailto:contact@losangelesdoctor#6.example?subject=quick%20question%20regarding%20Los%20Angeles%20Doctor%20%236%27s%20after-hours%20inquiries&body=Hi%20there%2C%0A%0AI%20was%20reviewing%20your%20website%20%28N/A%29%20and%20noticed%20that%20when%20a%20prospective%20client%20visits%20outside%20standard%20hours%2C%20their%20only%20option%20is%20waiting%20until%20morning.%0A%0AWe%20built%20an%20automated%2024/7%20AI%20Receptionist%20that%20answers%20common%20treatment%20%26%20pricing%20questions%20and%20locks%20appointments%20directly%20into%20your%20calendar%3A%0A%F0%9F%91%89%20Live%20Demo%3A%20https%3A//work-minh-lap.vercel.app/chatbotdemo%0A%0AWould%20you%20be%20against%20me%20sending%20over%20a%202-minute%20walkthrough%20showing%20how%20this%20works%20for%20Los%20Angeles%20Doctor%20%236%3F%0A%0ABest%20regards%2C%0AAI%20Solutions%20Team,2026-09-30 22:29:24
7,"Bruce F Beard DDS: Manny Fernandez DDS;Heather Householter DDS;Seymour Silverstein, DDS",Doctor,Los Angeles,N/A,N/A,contact@brucefbearddds:mannyfernandezdds;heatherhouseholterdds;seymoursilversteindds.example,Los Angeles,mailto:contact@brucefbearddds:mannyfernandezdds;heatherhouseholterdds;seymoursilversteindds.example?subject=quick%20question%20regarding%20Bruce%20F%20Beard%20DDS%3A%20Manny%20Fernandez%20DDS%3BHeather%20Householter%20DDS%3BSeymour%20Silverstein%2C%20DDS%27s%20after-hours%20inquiries&body=Hi%20there%2C%0A%0AI%20was%20reviewing%20your%20website%20%28N/A%29%20and%20noticed%20that%20when%20a%20prospective%20client%20visits%20outside%20standard%20hours%2C%20their%20only%20option%20is%20waiting%20until%20morning.%0A%0AWe%20built%20an%20automated%2024/7%20AI%20Receptionist%20that%20answers%20common%20treatment%20%26%20pricing%20questions%20and%20locks%20appointments%20directly%20into%20your%20calendar%3A%0A%F0%9F%91%89%20Live%20Demo%3A%20https%3A//work-minh-lap.vercel.app/chatbotdemo%0A%0AWould%20you%20be%20against%20me%20sending%20over%20a%202-minute%20walkthrough%20showing%20how%20this%20works%20for%20Bruce%20F%20Beard%20DDS%3A%20Manny%20Fernandez%20DDS%3BHeather%20Householter%20DDS%3BSeymour%20Silverstein%2C%20DDS%3F%0A%0ABest%20regards%2C%0AAI%20Solutions%20Team,2026-09-30 22:29:24
8,Los Angeles Doctor #8,Doctor,Los Angeles,N/A,N/A,contact@losangelesdoctor#8.example,Los Angeles,mailto:contact@losangelesdoctor#8.example?subject=quick%20question%20regarding%20Los%20Angeles%20Doctor%20%238%27s%20after-hours%20inquiries&body=Hi%20there%2C%0A%0AI%20was%20reviewing%20your%20website%20%28N/A%29%20and%20noticed%20that%20when%20a%20prospective%20client%20visits%20outside%20standard%20hours%2C%20their%20only%20option%20is%20waiting%20until%20morning.%0A%0AWe%20built%20an%20automated%2024/7%20AI%20Receptionist%20that%20answers%20common%20treatment%20%26%20pricing%20questions%20and%20locks%20appointments%20directly%20into%20your%20calendar%3A%0A%F0%9F%91%89%20Live%20Demo%3A%20https%3A//work-minh-lap.vercel.app/chatbotdemo%0A%0AWould%20you%20be%20against%20me%20sending%20over%20a%202-minute%20walkthrough%20showing%20how%20this%20works%20for%20Los%20Angeles%20Doctor%20%238%3F%0A%0ABest%20regards%2C%0AAI%20Solutions%20Team,2026-09-30 22:29:24
9,Los Angeles Doctor #9,Doctor,Los Angeles,N/A,N/A,contact@losangelesdoctor#9.example,Los Angeles,mailto:contact@losangelesdoctor#9.example?subject=quick%20question%20regarding%20Los%20Angeles%20Doctor%20%239%27s%20after-hours%20inquiries&body=Hi%20there%2C%0A%0AI%20was%20reviewing%20your%20website%20%28N/A%29%20and%20noticed%20that%20when%20a%20prospective%20client%20visits%20outside%20standard%20hours%2C%20their%20only%20option%20is%20waiting%20until%20morning.%0A%0AWe%20built%20an%20automated%2024/7%20AI%20Receptionist%20that%20answers%20common%20treatment%20%26%20pricing%20questions%20and%20locks%20appointments%20directly%20into%20your%20calendar%3A%0A%F0%9F%91%89%20Live%20Demo%3A%20https%3A//work-minh-lap.vercel.app/chatbotdemo%0A%0AWould%20you%20be%20against%20me%20sending%20over%20a%202-minute%20walkthrough%20showing%20how%20this%20works%20for%20Los%20Angeles%20Doctor%20%239%3F%0A%0ABest%20regards%2C%0AAI%20Solutions%20Team,2026-09-30 22:29:24
10,Los Angeles Doctor #10,Doctor,Los Angeles,N/A,N/A,contact@losangelesdoctor#10.example,Los Angeles,mailto:contact@losangelesdoctor#10.example?subject=quick%20question%20regarding%20Los%20Angeles%20Doctor%20%2310%27s%20after-hours%20inquiries&body=Hi%20there%2C%0A%0AI%20was%20reviewing%20your%20website%20%28N/A%29%20and%20noticed%20that%20when%20a%20prospective%20client%20visits%20outside%20standard%20hours%2C%20their%20only%20option%20is%20waiting%20until%20morning.%0A%0AWe%20built%20an%20automated%2024/7%20AI%20Receptionist%20that%20answers%20common%20treatment%20%26%20pricing%20questions%20and%20locks%20appointments%20directly%20into%20your%20calendar%3A%0A%F0%9F%91%89%20Live%20Demo%3A%20https%3A//work-minh-lap.vercel.app/chatbotdemo%0A%0AWould%20you%20be%20against%20me%20sending%20over%20a%202-minute%20walkthrough%20showing%20how%20this%20works%20for%20Los%20Angeles%20Doctor%20%2310%3F%0A%0ABest%20regards%2C%0AAI%20Solutions%20Team,2026-09-30 22:29:24
